Block ID,Question,Participant ID,User Comment
ca4147d8,Â¿Por quÃ© elegiste la respuesta anterior?,Participant 472166233,Porque desde mi punto de vista suelo tener dudas al elegir las opciones para tomar un prÃ©stamo de manera digital; por eso considero que las preguntas son importantes para dar claridad a las ideas o a las dudas generadas.
ca4147d8,Â¿Por quÃ© elegiste la respuesta anterior?,Participant 473803620,Porque asÃ­ uno tiene una idea mÃ¡s clara de lo que se estÃ¡ haciendo o se quiere hacer.
ca4147d8,Â¿Por quÃ© elegiste la respuesta anterior?,Participant 473692197,Porque entiendo perfectamente como hacer el proceso de manera digital
ca4147d8,Â¿Por quÃ© elegiste la respuesta anterior?,Participant 473300723,Porque el cliente debe de tener bien explÃ­cito y detallado el procedimiento que va a realizar y sobre todo el compromiso y los requisitos que debe de cumplir.
ca4147d8,Â¿Por quÃ© elegiste la respuesta anterior?,Participant 473244903,"Porque mientras mÃ¡s informaciÃ³ se tiene menos tiempo invertimos en el proceso. Si todo estÃ¡ claro, es solo cuestion de poner cantidad y tiempo para el prÃ©stamo."
ca4147d8,Â¿Por quÃ© elegiste la respuesta anterior?,Participant 473136371,"Porque fue clara y precisa, es bueno saber todos los detalles"
ca4147d8,Â¿Por quÃ© elegiste la respuesta anterior?,Participant 473046238,Porque al momento de solicitar un prestamo es importante tener toda la informaciÃ³n posible
ca4147d8,Â¿Por quÃ© elegiste la respuesta anterior?,Participant 473040549,Para estar clara y segura del proceso
ca4147d8,Â¿Por quÃ© elegiste la respuesta anterior?,Participant 470534995,Me pÃ¡rese mejor
ca4147d8,Â¿Por quÃ© elegiste la respuesta anterior?,Participant 473032251,Me parece que es importante
ca4147d8,Â¿Por quÃ© elegiste la respuesta anterior?,Participant 473011218,porque mientras mÃ¡s claro estÃ¡ el cliente mejor manejo y conocimiento acerca del mismo tiene
ca4147d8,Â¿Por quÃ© elegiste la respuesta anterior?,Participant 473007917,Bla bla
ca4147d8,Â¿Por quÃ© elegiste la respuesta anterior?,Participant 450334017,Me pareciÃ³ correcta
ca4147d8,Â¿Por quÃ© elegiste la respuesta anterior?,Participant 472654994,Porque es la manera como me identifico con el proceso
ca4147d8,Â¿Por quÃ© elegiste la respuesta anterior?,Participant 472651048,"No estÃ¡n dando un buen servicio Ãºltimamente, mi tarjeta de crÃ©dito venciÃ³ y se un mes todavÃ­a estoy esperando el plÃ¡stico nuevo, es increÃ­ble"
ca4147d8,Â¿Por quÃ© elegiste la respuesta anterior?,Participant 472342014,"Porque representa confiabilidad, y asociaciÃ³n cibao es de confianza para persona y mi empresa"
ca4147d8,Â¿Por quÃ© elegiste la respuesta anterior?,Participant 472562969,Necesito mejora mi perfil de crÃ©ditos
ca4147d8,Â¿Por quÃ© elegiste la respuesta anterior?,Participant 472563202,"Es clara y precisa, fÃ¡cil"
ca4147d8,Â¿Por quÃ© elegiste la respuesta anterior?,Participant 472547199,PORQUE ES UNA FORMA DE AGILIZAR LOS PROCESOS
ca4147d8,Â¿Por quÃ© elegiste la respuesta anterior?,Participant 472542719,"Al pregunta generica que siempre nos hacemos al momento de un prestamos que nos gustarÃ­a tener la respuesta como: si el interÃ©s el fijo, flexibilidad por al abono de capital, multa por pago anticipado..."
ca4147d8,Â¿Por quÃ© elegiste la respuesta anterior?,Participant 472506609,"Las preguntas son un poco confusas por los tÃ©rminos usados, deben ser mÃ¡s claras para el solicitante."
ca4147d8,Â¿Por quÃ© elegiste la respuesta anterior?,Participant 472275898,InformaciÃ³n clara
ca4147d8,Â¿Por quÃ© elegiste la respuesta anterior?,Participant 472461862,Porque son vÃ¡lidas las pregunta
ca4147d8,Â¿Por quÃ© elegiste la respuesta anterior?,Participant 472460370,Considero que el banco tiene la informaciÃ³n que quiere saber del cliente y la idea es agilizar
ca4147d8,Â¿Por quÃ© elegiste la respuesta anterior?,Participant 472410698,Estoy totalmente de acuerdo sobre el listado de preguntas.
ca4147d8,Â¿Por quÃ© elegiste la respuesta anterior?,Participant 472407839,Todo queda claro para el cliente.
ca4147d8,Â¿Por quÃ© elegiste la respuesta anterior?,Participant 472403680,"Las cosas quedan claras para ambos, tanto como para la entidad y para el cliente."
ca4147d8,Â¿Por quÃ© elegiste la respuesta anterior?,Participant 472402651,Por que si es interesante
ca4147d8,Â¿Por quÃ© elegiste la respuesta anterior?,Participant 472345495,Me inspira confinza
ca4147d8,Â¿Por quÃ© elegiste la respuesta anterior?,Participant 472342205,La informaciÃ³n es clave para evitar reclamos
ca4147d8,Â¿Por quÃ© elegiste la respuesta anterior?,Participant 472319926,Para mayor rapidez
ca4147d8,Â¿Por quÃ© elegiste la respuesta anterior?,Participant 472285236,Es el banco que me abrÃ­ las puertas al futuro del Ã©xito en mi negocio . Oportunidad como las da este banco ninguno en el paÃ­s
ca4147d8,Â¿Por quÃ© elegiste la respuesta anterior?,Participant 472296845,Porque hay que considerar los tÃ©rminos y condiciones contractuales del crÃ©dito
ca4147d8,Â¿Por quÃ© elegiste la respuesta anterior?,Participant 463129649,Por quÃ© me pareciÃ³ bn
ca4147d8,Â¿Por quÃ© elegiste la respuesta anterior?,Participant 472264362,Porque si
ca4147d8,Â¿Por quÃ© elegiste la respuesta anterior?,Participant 472261386,Por quÃ© creo que es correcto
ca4147d8,Â¿Por quÃ© elegiste la respuesta anterior?,Participant 472238514,si
ca4147d8,Â¿Por quÃ© elegiste la respuesta anterior?,Participant 472149596,Para que el cliente estÃ© informado de los procesos
ca4147d8,Â¿Por quÃ© elegiste la respuesta anterior?,Participant 472220230,Considero que de ese modo vamos avanzando en el proceso.
ca4147d8,Â¿Por quÃ© elegiste la respuesta anterior?,Participant 472217941,esta muy bien
ca4147d8,Â¿Por quÃ© elegiste la respuesta anterior?,Participant 472211825,Porque mi entra menos complicada es la app mÃ¡s rÃ¡pido las personas pueden acceder como la primera estuvo Perfecto
ca4147d8,Â¿Por quÃ© elegiste la respuesta anterior?,Participant 472201441,Los considero asÃ­ porque ya e rodando prÃ©stamo personales con ustedes y tengo uno es curso
ca4147d8,Â¿Por quÃ© elegiste la respuesta anterior?,Participant 472199148,Porque considero que desde mi punto de vista los calificÃ³ con esa puntuaciÃ³n porque ya es tomado prÃ©stamo y tengo un en curso
ca4147d8,Â¿Por quÃ© elegiste la respuesta anterior?,Participant 472199031,Porque esta en una escala de tÃ©rmino medio para mi.
ca4147d8,Â¿Por quÃ© elegiste la respuesta anterior?,Participant 472174901,Lo considero importante saber cosas necesarias
ca4147d8,Â¿Por quÃ© elegiste la respuesta anterior?,Participant 472187011,Mientras mas claridad tenga el proceso mayor es la satisfacciÃ³n del cliente.
ca4147d8,Â¿Por quÃ© elegiste la respuesta anterior?,Participant 472191344,Es bueno estar siempre informado de todo con claridad
ca4147d8,Â¿Por quÃ© elegiste la respuesta anterior?,Participant 472188139,mientras mas transparencia exista mas seguridad le brindara al cliente
ca4147d8,Â¿Por quÃ© elegiste la respuesta anterior?,Participant 472186988,Porque me gusta la claridad
ca4147d8,Â¿Por quÃ© elegiste la respuesta anterior?,Participant 472186725,Porque es importante que el cliente conozca todos los detalles
ca4147d8,Â¿Por quÃ© elegiste la respuesta anterior?,Participant 472177782,Por la razÃ³n q me gustÃ³ su comentario y su prueba
ca4147d8,Â¿Por quÃ© elegiste la respuesta anterior?,Participant 472183932,Para mÃ¡s claridad
ca4147d8,Â¿Por quÃ© elegiste la respuesta anterior?,Participant 471907641,Ayuda a entener mas el proceso del prestamo y evita a que tenga que visitar una sucursal en caso de que tenga alguna pregunta
ca4147d8,Â¿Por quÃ© elegiste la respuesta anterior?,Participant 450307300,Porque es importante que el cliente sepa todos los detalles
ca4147d8,Â¿Por quÃ© elegiste la respuesta anterior?,Participant 471798623,AyudarÃ­a a darle mayor informaciÃ³n al usuario
ca4147d8,Â¿Por quÃ© elegiste la respuesta anterior?,Participant 472177937,Confianza en esta entidad.
ca4147d8,Â¿Por quÃ© elegiste la respuesta anterior?,Participant 472154675,Fue Ãºtil
ca4147d8,Â¿Por quÃ© elegiste la respuesta anterior?,Participant 472168995,"Porque es muy importante saber datos que en el futuro , luego que tome el prÃ©stamo, resulte dudoso no se me aclarÃ² en el momento oportuno"
ca4147d8,Â¿Por quÃ© elegiste la respuesta anterior?,Participant 472170229,Porque pudiera existir dudas sobre los seguros
ca4147d8,Â¿Por quÃ© elegiste la respuesta anterior?,Participant 449228582,Me fue util
ca4147d8,Â¿Por quÃ© elegiste la respuesta anterior?,Participant 472169236,Porque se debe ser claro al usuario con respecto a cada acciÃ³n que permita realizar una aplicaciÃ³n.
ca4147d8,Â¿Por quÃ© elegiste la respuesta anterior?,Participant 472168314,Porque puedo tener de primera instancia la informaciÃ³n que pudiera necesitar sin tener que buscar en otro aldo
ca4147d8,Â¿Por quÃ© elegiste la respuesta anterior?,Participant 472165120,"Porque debes saber el monto, tasa, productos disponibles, etc"
ca4147d8,Â¿Por quÃ© elegiste la respuesta anterior?,Participant 472118661,Me parece que un listado de preguntas frecuentes pudiera ayudar a los que no conocen mucho de estas cosas antes de iniciar el proceso
ca4147d8,Â¿Por quÃ© elegiste la respuesta anterior?,Participant 472120161,Porque asÃ­ va conociendo el cliente y las necesidades del mismo.
ca4147d8,Â¿Por quÃ© elegiste la respuesta anterior?,Participant 472121123,Test
ca4147d8,Â¿Por quÃ© elegiste la respuesta anterior?,Participant 449165636,Test
ca4147d8,Â¿Por quÃ© elegiste la respuesta anterior?,Participant 472124103,Para tener claridad de loq ue voy a solicitar
ca4147d8,Â¿Por quÃ© elegiste la respuesta anterior?,Participant 472126434,da mayor credibilidad y criterio de autenticacion
ca4147d8,Â¿Por quÃ© elegiste la respuesta anterior?,Participant 472137757,Porquele falta informaciÃ³n
ca4147d8,Â¿Por quÃ© elegiste la respuesta anterior?,Participant 471696699,"Mientras mÃ¡s clara es la informaciÃ³n, mÃ¡s fÃ¡cil se le hace al cliente continuar el proceso"
ca4147d8,Â¿Por quÃ© elegiste la respuesta anterior?,Participant 472141368,Es de suma importancia tener claro las condiciones/beneficios que tendremos al momento de adquirir un prÃ©stamo ya que tendremos que cumplir a tiempo con esta obligaciÃ³n financiera para asÃ­ poder reflejar un buen comportamiento de pago en el burÃ³.
ca4147d8,Â¿Por quÃ© elegiste la respuesta anterior?,Participant 472138086,Considero que serÃ­a bueno colocar las informaciones en vez de preguntas.
ca4147d8,Â¿Por quÃ© elegiste la respuesta anterior?,Participant 472145190,Ok
ca4147d8,Â¿Por quÃ© elegiste la respuesta anterior?,Participant 472143230,Test
ca4147d8,Â¿Por quÃ© elegiste la respuesta anterior?,Participant 471887798,Por la seguridad de sus productos y con excelente calidad en servicios brindados.
ca4147d8,Â¿Por quÃ© elegiste la respuesta anterior?,Participant 472147992,Porque estuve muy satisfecho
ca4147d8,Â¿Por quÃ© elegiste la respuesta anterior?,Participant 472145545,Me parecieron correctas
ca4147d8,Â¿Por quÃ© elegiste la respuesta anterior?,Participant 472150112,Excelente como profesional de la industrias de la tecnologia aprecio bie el diseÃ±o y el flujo entre pantalla
ca4147d8,Â¿Por quÃ© elegiste la respuesta anterior?,Participant 472150124,Porque en ocasiones existen dudas que serÃ­an necesarias aclarar
ca4147d8,Â¿Por quÃ© elegiste la respuesta anterior?,Participant 472150368,Porque me parece funcional Ã¡gil y eficiente
ca4147d8,Â¿Por quÃ© elegiste la respuesta anterior?,Participant 472150123,Porque me gusta mucho
ca4147d8,Â¿Por quÃ© elegiste la respuesta anterior?,Participant 472151867,Es fÃ¡cil
ca4147d8,Â¿Por quÃ© elegiste la respuesta anterior?,Participant 472152621,"Se requiere conocer todos los requisitos del prÃ©stamo para no tener ""sorpresas"" luego."
ca4147d8,Â¿Por quÃ© elegiste la respuesta anterior?,Participant 472151186,Por la importancia de la informaciÃ³n que se debe suministrar
ca4147d8,Â¿Por quÃ© elegiste la respuesta anterior?,Participant 472153074,Porque depende en gran manera de la informacion recibida la aprobacion o rechazo del prestamo
ca4147d8,Â¿Por quÃ© elegiste la respuesta anterior?,Participant 472153135,Porque es muy Ãºtil pero puede que personas no lo entiendan
ca4147d8,Â¿Por quÃ© elegiste la respuesta anterior?,Participant 472153323,si es mui buena y con mucha madurez y responsabilidad
ca4147d8,Â¿Por quÃ© elegiste la respuesta anterior?,Participant 472153668,"La experiencia fue buena, pero no excelente."
ca4147d8,Â¿Por quÃ© elegiste la respuesta anterior?,Participant 472155053,Para que las personas tengan mayor claridad y conocimiento sobre lo que estÃ¡n haciendo
ca4147d8,Â¿Por quÃ© elegiste la respuesta anterior?,Participant 472155057,Es necesario para que el cliente estÃ© seguro
ca4147d8,Â¿Por quÃ© elegiste la respuesta anterior?,Participant 472152948,Es fÃ¡cil y rÃ¡pido me gusta la idea
ca4147d8,Â¿Por quÃ© elegiste la respuesta anterior?,Participant 472157347,Agilidad de tener a mano rÃ¡pidamente recursos lÃ­quidos
ca4147d8,Â¿Por quÃ© elegiste la respuesta anterior?,Participant 472157390,Informacion importante
ca4147d8,Â¿Por quÃ© elegiste la respuesta anterior?,Participant 472157460,Es bueno por seguridad
ca4147d8,Â¿Por quÃ© elegiste la respuesta anterior?,Participant 472158856,Agilidad de contar con recursos lÃ­quidos cuando se necesitan
ca4147d8,Â¿Por quÃ© elegiste la respuesta anterior?,Participant 472159225,Porque serÃ­a interesante obtener mÃ¡s informaciÃ³n
ca4147d8,Â¿Por quÃ© elegiste la respuesta anterior?,Participant 472159841,Porque pienso ya de por sÃ­ es bastante claro y que se cae de la mata ya que yo estoy siendo consciente de lo que estoy queriendo adquirir
ca4147d8,Â¿Por quÃ© elegiste la respuesta anterior?,Participant 471048348,Entiendo que las preguntas podrÃ­an ir previo a aceptar las condiciones y aceptar el uso de mi data.
ca4147d8,Â¿Por quÃ© elegiste la respuesta anterior?,Participant 472159681,Porque permite al cliente tener toda la informaciÃ³n y sin aceptes ocultos.
ca4147d8,Â¿Por quÃ© elegiste la respuesta anterior?,Participant 472159367,Si es importante
ca4147d8,Â¿Por quÃ© elegiste la respuesta anterior?,Participant 472160102,No entiendo la finalidad
ca4147d8,Â¿Por quÃ© elegiste la respuesta anterior?,Participant 470514976,Porque considero que es importante saber toda la informaciÃ³n relevante del cliente
ca4147d8,Â¿Por quÃ© elegiste la respuesta anterior?,Participant 472162133,Entiendo que a nivel de diseÃ±o puede ser mÃ¡s atractiva para el usuario final
ca4147d8,Â¿Por quÃ© elegiste la respuesta anterior?,Participant 472162365,Los detalles
ca4147d8,Â¿Por quÃ© elegiste la respuesta anterior?,Participant 472157421,Es mas facil de ver las opciones
ca4147d8,Â¿Por quÃ© elegiste la respuesta anterior?,Participant 471247886,Porque me llamÃ³ mucho ala atenciÃ³n
ca4147d8,Â¿Por quÃ© elegiste la respuesta anterior?,Participant 472160442,SI SOY CLIENTE NO VEO NECESARIO PREGUNTAR MUCHO
ca4147d8,Â¿Por quÃ© elegiste la respuesta anterior?,Participant 472161404,PREVIOUS
f9f69cbe,"Imagina que necesitas solicitar un prÃ©stamo. Si este flujo estuviese disponible el dÃ­a de maÃ±ana y necesitarÃ­as ese prÃ©stamo, lo utilizarÃ­as?",Participant 472547199,"Claro que sÃ­, en ocasiones se nos presentan emergencias inesperadas, tener un flujo disponible para ser retirado en un plazo menor de 48 horas es una soluciÃ³n viable."
f9f69cbe,"Imagina que necesitas solicitar un prÃ©stamo. Si este flujo estuviese disponible el dÃ­a de maÃ±ana y necesitarÃ­as ese prÃ©stamo, lo utilizarÃ­as?",Participant 473803620,Por supuesto.
f9f69cbe,"Imagina que necesitas solicitar un prÃ©stamo. Si este flujo estuviese disponible el dÃ­a de maÃ±ana y necesitarÃ­as ese prÃ©stamo, lo utilizarÃ­as?",Participant 473692197,"AsÃ­ es, solo tienen que terminar de ajustar ciertos detalles en el rpcoeso. SÃ© que es un prototipo, pero cuando querÃ­a marcar un cotejo el proceso continuaba como si no hubiera hecho nada."
f9f69cbe,"Imagina que necesitas solicitar un prÃ©stamo. Si este flujo estuviese disponible el dÃ­a de maÃ±ana y necesitarÃ­as ese prÃ©stamo, lo utilizarÃ­as?",Participant 473136371,Si
f9f69cbe,"Imagina que necesitas solicitar un prÃ©stamo. Si este flujo estuviese disponible el dÃ­a de maÃ±ana y necesitarÃ­as ese prÃ©stamo, lo utilizarÃ­as?",Participant 473046238,Si
f9f69cbe,"Imagina que necesitas solicitar un prÃ©stamo. Si este flujo estuviese disponible el dÃ­a de maÃ±ana y necesitarÃ­as ese prÃ©stamo, lo utilizarÃ­as?",Participant 470534995,Si
f9f69cbe,"Imagina que necesitas solicitar un prÃ©stamo. Si este flujo estuviese disponible el dÃ­a de maÃ±ana y necesitarÃ­as ese prÃ©stamo, lo utilizarÃ­as?",Participant 473040549,No es muy largo
f9f69cbe,"Imagina que necesitas solicitar un prÃ©stamo. Si este flujo estuviese disponible el dÃ­a de maÃ±ana y necesitarÃ­as ese prÃ©stamo, lo utilizarÃ­as?",Participant 473032251,Por supuesto
f9f69cbe,"Imagina que necesitas solicitar un prÃ©stamo. Si este flujo estuviese disponible el dÃ­a de maÃ±ana y necesitarÃ­as ese prÃ©stamo, lo utilizarÃ­as?",Participant 473011218,Si
f9f69cbe,"Imagina que necesitas solicitar un prÃ©stamo. Si este flujo estuviese disponible el dÃ­a de maÃ±ana y necesitarÃ­as ese prÃ©stamo, lo utilizarÃ­as?",Participant 472654994,"Si, obvio; para invertir en el Negocio y hacer un apalancamiento. El dinero es una herrramienta Ãºtil para usarlo en general ganancias"
f9f69cbe,"Imagina que necesitas solicitar un prÃ©stamo. Si este flujo estuviese disponible el dÃ­a de maÃ±ana y necesitarÃ­as ese prÃ©stamo, lo utilizarÃ­as?",Participant 472562969,Si
f9f69cbe,"Imagina que necesitas solicitar un prÃ©stamo. Si este flujo estuviese disponible el dÃ­a de maÃ±ana y necesitarÃ­as ese prÃ©stamo, lo utilizarÃ­as?",Participant 472118661,Si
f9f69cbe,"Imagina que necesitas solicitar un prÃ©stamo. Si este flujo estuviese disponible el dÃ­a de maÃ±ana y necesitarÃ­as ese prÃ©stamo, lo utilizarÃ­as?",Participant 472120161,test
f9f69cbe,"Imagina que necesitas solicitar un prÃ©stamo. Si este flujo estuviese disponible el dÃ­a de maÃ±ana y necesitarÃ­as ese prÃ©stamo, lo utilizarÃ­as?",Participant 472124103,Test
f9f69cbe,"Imagina que necesitas solicitar un prÃ©stamo. Si este flujo estuviese disponible el dÃ­a de maÃ±ana y necesitarÃ­as ese prÃ©stamo, lo utilizarÃ­as?",Participant 449165636,"La pregunta estÃ¡ redundante, si necesito un prÃ©stamo, obviamente que lo utilizarÃ­a porque por algo lo solicitÃ©, de no necesitarlo, no lo hubiera solicitado."
f9f69cbe,"Imagina que necesitas solicitar un prÃ©stamo. Si este flujo estuviese disponible el dÃ­a de maÃ±ana y necesitarÃ­as ese prÃ©stamo, lo utilizarÃ­as?",Participant 472121123,si
f9f69cbe,"Imagina que necesitas solicitar un prÃ©stamo. Si este flujo estuviese disponible el dÃ­a de maÃ±ana y necesitarÃ­as ese prÃ©stamo, lo utilizarÃ­as?",Participant 472126434,claro
f9f69cbe,"Imagina que necesitas solicitar un prÃ©stamo. Si este flujo estuviese disponible el dÃ­a de maÃ±ana y necesitarÃ­as ese prÃ©stamo, lo utilizarÃ­as?",Participant 472137757,Si
f9f69cbe,"Imagina que necesitas solicitar un prÃ©stamo. Si este flujo estuviese disponible el dÃ­a de maÃ±ana y necesitarÃ­as ese prÃ©stamo, lo utilizarÃ­as?",Participant 471696699,Si
f9f69cbe,"Imagina que necesitas solicitar un prÃ©stamo. Si este flujo estuviese disponible el dÃ­a de maÃ±ana y necesitarÃ­as ese prÃ©stamo, lo utilizarÃ­as?",Participant 472141368,Es probable.
f9f69cbe,"Imagina que necesitas solicitar un prÃ©stamo. Si este flujo estuviese disponible el dÃ­a de maÃ±ana y necesitarÃ­as ese prÃ©stamo, lo utilizarÃ­as?",Participant 472138086,Ok
f9f69cbe,"Imagina que necesitas solicitar un prÃ©stamo. Si este flujo estuviese disponible el dÃ­a de maÃ±ana y necesitarÃ­as ese prÃ©stamo, lo utilizarÃ­as?",Participant 472143230,Pudiera ser si la tasa es competitivas con mis otras ofertas vigente de mercado
f9f69cbe,"Imagina que necesitas solicitar un prÃ©stamo. Si este flujo estuviese disponible el dÃ­a de maÃ±ana y necesitarÃ­as ese prÃ©stamo, lo utilizarÃ­as?",Participant 472150124,Si
f9f69cbe,"Imagina que necesitas solicitar un prÃ©stamo. Si este flujo estuviese disponible el dÃ­a de maÃ±ana y necesitarÃ­as ese prÃ©stamo, lo utilizarÃ­as?",Participant 472150368,Si
f9f69cbe,"Imagina que necesitas solicitar un prÃ©stamo. Si este flujo estuviese disponible el dÃ­a de maÃ±ana y necesitarÃ­as ese prÃ©stamo, lo utilizarÃ­as?",Participant 472151867,Si
f9f69cbe,"Imagina que necesitas solicitar un prÃ©stamo. Si este flujo estuviese disponible el dÃ­a de maÃ±ana y necesitarÃ­as ese prÃ©stamo, lo utilizarÃ­as?",Participant 472152621,QuizÃ¡s. Requiero conocer como serÃ¡ el proceso definitivo
f9f69cbe,"Imagina que necesitas solicitar un prÃ©stamo. Si este flujo estuviese disponible el dÃ­a de maÃ±ana y necesitarÃ­as ese prÃ©stamo, lo utilizarÃ­as?",Participant 472151186,Si
f9f69cbe,"Imagina que necesitas solicitar un prÃ©stamo. Si este flujo estuviese disponible el dÃ­a de maÃ±ana y necesitarÃ­as ese prÃ©stamo, lo utilizarÃ­as?",Participant 472153323,"Totalmente, serÃ­a una manera eficiente de ahorrar tiempo y dinero desplazÃ¡ndome en persona a las instalaciones."
f9f69cbe,"Imagina que necesitas solicitar un prÃ©stamo. Si este flujo estuviese disponible el dÃ­a de maÃ±ana y necesitarÃ­as ese prÃ©stamo, lo utilizarÃ­as?",Participant 472155053,"Claro que sÃ­, rapidez"
f9f69cbe,"Imagina que necesitas solicitar un prÃ©stamo. Si este flujo estuviese disponible el dÃ­a de maÃ±ana y necesitarÃ­as ese prÃ©stamo, lo utilizarÃ­as?",Participant 472157347,Si
f9f69cbe,"Imagina que necesitas solicitar un prÃ©stamo. Si este flujo estuviese disponible el dÃ­a de maÃ±ana y necesitarÃ­as ese prÃ©stamo, lo utilizarÃ­as?",Participant 472152948,Si
f9f69cbe,"Imagina que necesitas solicitar un prÃ©stamo. Si este flujo estuviese disponible el dÃ­a de maÃ±ana y necesitarÃ­as ese prÃ©stamo, lo utilizarÃ­as?",Participant 472150123,Si
f9f69cbe,"Imagina que necesitas solicitar un prÃ©stamo. Si este flujo estuviese disponible el dÃ­a de maÃ±ana y necesitarÃ­as ese prÃ©stamo, lo utilizarÃ­as?",Participant 472159841,Por supuesto
f9f69cbe,"Imagina que necesitas solicitar un prÃ©stamo. Si este flujo estuviese disponible el dÃ­a de maÃ±ana y necesitarÃ­as ese prÃ©stamo, lo utilizarÃ­as?",Participant 471048348,Correcto
f9f69cbe,"Imagina que necesitas solicitar un prÃ©stamo. Si este flujo estuviese disponible el dÃ­a de maÃ±ana y necesitarÃ­as ese prÃ©stamo, lo utilizarÃ­as?",Participant 472159225,Si
f9f69cbe,"Imagina que necesitas solicitar un prÃ©stamo. Si este flujo estuviese disponible el dÃ­a de maÃ±ana y necesitarÃ­as ese prÃ©stamo, lo utilizarÃ­as?",Participant 472159681,"Si, claro que si, porque la facilidad de hacerlo digital mente ademÃ¡s de la claridad de las informaciones."
f9f69cbe,"Imagina que necesitas solicitar un prÃ©stamo. Si este flujo estuviese disponible el dÃ­a de maÃ±ana y necesitarÃ­as ese prÃ©stamo, lo utilizarÃ­as?",Participant 472159367,Si
f9f69cbe,"Imagina que necesitas solicitar un prÃ©stamo. Si este flujo estuviese disponible el dÃ­a de maÃ±ana y necesitarÃ­as ese prÃ©stamo, lo utilizarÃ­as?",Participant 472162365,Todos depende
f9f69cbe,"Imagina que necesitas solicitar un prÃ©stamo. Si este flujo estuviese disponible el dÃ­a de maÃ±ana y necesitarÃ­as ese prÃ©stamo, lo utilizarÃ­as?",Participant 472160442,SI
f9f69cbe,"Imagina que necesitas solicitar un prÃ©stamo. Si este flujo estuviese disponible el dÃ­a de maÃ±ana y necesitarÃ­as ese prÃ©stamo, lo utilizarÃ­as?",Participant 472161404,Si
f9f69cbe,"Imagina que necesitas solicitar un prÃ©stamo. Si este flujo estuviese disponible el dÃ­a de maÃ±ana y necesitarÃ­as ese prÃ©stamo, lo utilizarÃ­as?",Participant 472165120,Si
f9f69cbe,"Imagina que necesitas solicitar un prÃ©stamo. Si este flujo estuviese disponible el dÃ­a de maÃ±ana y necesitarÃ­as ese prÃ©stamo, lo utilizarÃ­as?",Participant 472170229,Si
f9f69cbe,"Imagina que necesitas solicitar un prÃ©stamo. Si este flujo estuviese disponible el dÃ­a de maÃ±ana y necesitarÃ­as ese prÃ©stamo, lo utilizarÃ­as?",Participant 449228582,SÃ­
f9f69cbe,"Imagina que necesitas solicitar un prÃ©stamo. Si este flujo estuviese disponible el dÃ­a de maÃ±ana y necesitarÃ­as ese prÃ©stamo, lo utilizarÃ­as?",Participant 472177937,Si
f9f69cbe,"Imagina que necesitas solicitar un prÃ©stamo. Si este flujo estuviese disponible el dÃ­a de maÃ±ana y necesitarÃ­as ese prÃ©stamo, lo utilizarÃ­as?",Participant 450307300,Si
f9f69cbe,"Imagina que necesitas solicitar un prÃ©stamo. Si este flujo estuviese disponible el dÃ­a de maÃ±ana y necesitarÃ­as ese prÃ©stamo, lo utilizarÃ­as?",Participant 472168267,si
f9f69cbe,"Imagina que necesitas solicitar un prÃ©stamo. Si este flujo estuviese disponible el dÃ­a de maÃ±ana y necesitarÃ­as ese prÃ©stamo, lo utilizarÃ­as?",Participant 472177782,si
f9f69cbe,"Imagina que necesitas solicitar un prÃ©stamo. Si este flujo estuviese disponible el dÃ­a de maÃ±ana y necesitarÃ­as ese prÃ©stamo, lo utilizarÃ­as?",Participant 472186988,si
f9f69cbe,"Imagina que necesitas solicitar un prÃ©stamo. Si este flujo estuviese disponible el dÃ­a de maÃ±ana y necesitarÃ­as ese prÃ©stamo, lo utilizarÃ­as?",Participant 472191344,Si.
f9f69cbe,"Imagina que necesitas solicitar un prÃ©stamo. Si este flujo estuviese disponible el dÃ­a de maÃ±ana y necesitarÃ­as ese prÃ©stamo, lo utilizarÃ­as?",Participant 472174901,"Si, por supuesto."
f9f69cbe,"Imagina que necesitas solicitar un prÃ©stamo. Si este flujo estuviese disponible el dÃ­a de maÃ±ana y necesitarÃ­as ese prÃ©stamo, lo utilizarÃ­as?",Participant 472168314,Claro que si
f9f69cbe,"Imagina que necesitas solicitar un prÃ©stamo. Si este flujo estuviese disponible el dÃ­a de maÃ±ana y necesitarÃ­as ese prÃ©stamo, lo utilizarÃ­as?",Participant 472208642,"Si, por supuesto"
f9f69cbe,"Imagina que necesitas solicitar un prÃ©stamo. Si este flujo estuviese disponible el dÃ­a de maÃ±ana y necesitarÃ­as ese prÃ©stamo, lo utilizarÃ­as?",Participant 463129649,"No estoy seguro, prefiero los prÃ©stamos personales fÃ­sicos."
f9f69cbe,"Imagina que necesitas solicitar un prÃ©stamo. Si este flujo estuviese disponible el dÃ­a de maÃ±ana y necesitarÃ­as ese prÃ©stamo, lo utilizarÃ­as?",Participant 472403680,"No estoy seguro, me gustan mÃ¡s los prÃ©stamos personales fÃ­sico que digitales."
f9f69cbe,"Imagina que necesitas solicitar un prÃ©stamo. Si este flujo estuviese disponible el dÃ­a de maÃ±ana y necesitarÃ­as ese prÃ©stamo, lo utilizarÃ­as?",Participant 472407839,Si
f9f69cbe,"Imagina que necesitas solicitar un prÃ©stamo. Si este flujo estuviese disponible el dÃ­a de maÃ±ana y necesitarÃ­as ese prÃ©stamo, lo utilizarÃ­as?",Participant 472410698,Muy probablemente lo harÃ­a
f9f69cbe,"Imagina que necesitas solicitar un prÃ©stamo. Si este flujo estuviese disponible el dÃ­a de maÃ±ana y necesitarÃ­as ese prÃ©stamo, lo utilizarÃ­as?",Participant 472275898,Si
f9f69cbe,"Imagina que necesitas solicitar un prÃ©stamo. Si este flujo estuviese disponible el dÃ­a de maÃ±ana y necesitarÃ­as ese prÃ©stamo, lo utilizarÃ­as?",Participant 472506609,PREVIOUS
2f19c5fb,Â¿QuÃ© mejorarÃ­as en el flujo?,Participant 472562969,No veo la necesidad de mejoras por el momento
2f19c5fb,Â¿QuÃ© mejorarÃ­as en el flujo?,Participant 473803620,Nada
2f19c5fb,Â¿QuÃ© mejorarÃ­as en el flujo?,Participant 473692197,"Si es como lo presentan es fÃ¡cil y claro de seguir. Es bueno que validen bien cuando uno quiera evaluar una opciÃ³n o la otra que el proceso no continue. Ej. tasa fija o variable, que pueda ver el monto a pagar antes de tomar la decisiÃ³n."
2f19c5fb,Â¿QuÃ© mejorarÃ­as en el flujo?,Participant 473136371,Nada
2f19c5fb,Â¿QuÃ© mejorarÃ­as en el flujo?,Participant 473046238,"Entiendo que para, lo que estan buscando esta adecuado."
2f19c5fb,Â¿QuÃ© mejorarÃ­as en el flujo?,Participant 473040549,Nada
2f19c5fb,Â¿QuÃ© mejorarÃ­as en el flujo?,Participant 470534995,Lo veo bien pero me hicieron muchas preguntas pero me gusta que sea todo digital yo no lo usarÃ­a pero lo recomendarÃ­a.
2f19c5fb,Â¿QuÃ© mejorarÃ­as en el flujo?,Participant 473032251,Nada
2f19c5fb,Â¿QuÃ© mejorarÃ­as en el flujo?,Participant 473011218,Todo bien
2f19c5fb,Â¿QuÃ© mejorarÃ­as en el flujo?,Participant 472654994,...
2f19c5fb,Â¿QuÃ© mejorarÃ­as en el flujo?,Participant 472118661,no sabria decir
2f19c5fb,Â¿QuÃ© mejorarÃ­as en el flujo?,Participant 472120161,test
2f19c5fb,Â¿QuÃ© mejorarÃ­as en el flujo?,Participant 472124103,Test
2f19c5fb,Â¿QuÃ© mejorarÃ­as en el flujo?,Participant 449165636,Por el momento nada
2f19c5fb,Â¿QuÃ© mejorarÃ­as en el flujo?,Participant 472121123,la informaciÃ³n y la claridad de los pasos no se entiende bien esta algo cofuso
2f19c5fb,Â¿QuÃ© mejorarÃ­as en el flujo?,Participant 472126434,el contenido se siente empaquetado y puede ser poco amigable
2f19c5fb,Â¿QuÃ© mejorarÃ­as en el flujo?,Participant 472137757,Todo
2f19c5fb,Â¿QuÃ© mejorarÃ­as en el flujo?,Participant 471696699,Por el momento nada
2f19c5fb,Â¿QuÃ© mejorarÃ­as en el flujo?,Participant 472141368,Nada.
2f19c5fb,Â¿QuÃ© mejorarÃ­as en el flujo?,Participant 472138086,Ok
2f19c5fb,Â¿QuÃ© mejorarÃ­as en el flujo?,Participant 472143230,el flujo esta perfecto mejoraria el cms de la app y la web de ustedes
2f19c5fb,Â¿QuÃ© mejorarÃ­as en el flujo?,Participant 472150368,Nada
2f19c5fb,Â¿QuÃ© mejorarÃ­as en el flujo?,Participant 472151867,EstÃ¡ bien
2f19c5fb,Â¿QuÃ© mejorarÃ­as en el flujo?,Participant 472152621,Su calidad de informaciÃ³n sobre los requisitos reales para acceder a un prÃ©stamos personal
2f19c5fb,Â¿QuÃ© mejorarÃ­as en el flujo?,Participant 472151186,Nada
2f19c5fb,Â¿QuÃ© mejorarÃ­as en el flujo?,Participant 472153323,"Agilizar el proceso, agregando la opciÃ³n para adjuntar estados de cuenta, etc. si lo tenÃ­a no me percatÃ©."
2f19c5fb,Â¿QuÃ© mejorarÃ­as en el flujo?,Participant 472155053,Por ahora nada
2f19c5fb,Â¿QuÃ© mejorarÃ­as en el flujo?,Participant 472152948,Que se validen rÃ¡pido las informaciones
2f19c5fb,Â¿QuÃ© mejorarÃ­as en el flujo?,Participant 472157347,El tiempo ya que cada paso conlleva una espera significativa
2f19c5fb,Â¿QuÃ© mejorarÃ­as en el flujo?,Participant 472150123,Entiendo que asÃ­ estÃ¡ perfecto
2f19c5fb,Â¿QuÃ© mejorarÃ­as en el flujo?,Participant 472159841,"Mejorar el tema de la personalizaciÃ³n de los plazos y eso, ya que yo solicitÃ© un monto en especifico y ahÃ­ me pusieron un monto preaprobado, si yo lo que necesito son 100 mil, dÃ©jamelos ahÃ­ y ponme la opciÃ³n de que podrÃ­a optar por los 300 mil, pero no ponerme directamente los 300 mil"
2f19c5fb,Â¿QuÃ© mejorarÃ­as en el flujo?,Participant 471048348,Lo noto claro y preciso
2f19c5fb,Â¿QuÃ© mejorarÃ­as en el flujo?,Participant 472159225,"No se ahora mismo, tendrÃ­a que ver todo el proceso junto y no por separado"
2f19c5fb,Â¿QuÃ© mejorarÃ­as en el flujo?,Participant 472159681,El tiempo de 8 horas para el desembolso.
2f19c5fb,Â¿QuÃ© mejorarÃ­as en el flujo?,Participant 472159367,Hay preguntas que si se supones que ya eres un cliente de ACAP no tengo porque volver a llenarla
2f19c5fb,Â¿QuÃ© mejorarÃ­as en el flujo?,Participant 472162365,MÃ¡s explicaciÃ³n
2f19c5fb,Â¿QuÃ© mejorarÃ­as en el flujo?,Participant 472160442,QUE FUERA MAS RAPIDO EN OPERAR POR INTERNET Y SEA DENTRO DE LA APP
2f19c5fb,Â¿QuÃ© mejorarÃ­as en el flujo?,Participant 472161404,Tuve confusiÃ³n con el ajuste del monto y el plazo. QuizÃ¡ un poco mÃ¡s de claridad en este paso
2f19c5fb,Â¿QuÃ© mejorarÃ­as en el flujo?,Participant 472165120,Lo veo funcional y bien explicado
2f19c5fb,Â¿QuÃ© mejorarÃ­as en el flujo?,Participant 472170229,N/A
2f19c5fb,Â¿QuÃ© mejorarÃ­as en el flujo?,Participant 449228582,n/a
2f19c5fb,Â¿QuÃ© mejorarÃ­as en el flujo?,Participant 450307300,No tendria que mejorar. Lo veo facil de usar y solo requiere informacion necesaria.
2f19c5fb,Â¿QuÃ© mejorarÃ­as en el flujo?,Participant 472168267,Nada
2f19c5fb,Â¿QuÃ© mejorarÃ­as en el flujo?,Participant 472177782,nada
2f19c5fb,Â¿QuÃ© mejorarÃ­as en el flujo?,Participant 472186988,"Nada, me parece bien optimizado."
2f19c5fb,Â¿QuÃ© mejorarÃ­as en el flujo?,Participant 472191344,No tengo observaciones.
2f19c5fb,Â¿QuÃ© mejorarÃ­as en el flujo?,Participant 472168314,Hasta ahora lo veo Perfecto con los detalles mÃ¡s importantes
2f19c5fb,Â¿QuÃ© mejorarÃ­as en el flujo?,Participant 472208642,Tener la oportunidad de leer contrato
2f19c5fb,Â¿QuÃ© mejorarÃ­as en el flujo?,Participant 463129649,Rapidez y eficiencia al momento del cliente solicitar el producto.
2f19c5fb,Â¿QuÃ© mejorarÃ­as en el flujo?,Participant 472407839,Todo esta bien
2f19c5fb,Â¿QuÃ© mejorarÃ­as en el flujo?,Participant 472410698,Lo veo fÃ¡cil de entender para el usuario.
2f19c5fb,Â¿QuÃ© mejorarÃ­as en el flujo?,Participant 472275898,Nada que agregar
2f19c5fb,Â¿QuÃ© mejorarÃ­as en el flujo?,Participant 472506609,Esta todo claro
2f19c5fb,Â¿QuÃ© mejorarÃ­as en el flujo?,Participant 472547199,PREVIOUS
7460e4b5,Â¿QuÃ© informaciÃ³n agregarÃ­as a este flujo?,Participant 472562969,Que se refleje la cuota mensual que el cliente pagarÃ­a una vez haya seleccionado el monto del flujo y el tiempo en el que lo pagarÃ­a
7460e4b5,Â¿QuÃ© informaciÃ³n agregarÃ­as a este flujo?,Participant 473803620,Ninguna
7460e4b5,Â¿QuÃ© informaciÃ³n agregarÃ­as a este flujo?,Participant 473692197,Al final pudiera dar un tiempo estimado de respuesta a la solicitud y la forma en la que notificaran su aprobaciÃ³n o no.
7460e4b5,Â¿QuÃ© informaciÃ³n agregarÃ­as a este flujo?,Participant 473136371,"Un asistente digital, para personas que no saben bien las redes"
7460e4b5,Â¿QuÃ© informaciÃ³n agregarÃ­as a este flujo?,Participant 473046238,Adjunto de notificaciones bancarias o estados de cuentas
7460e4b5,Â¿QuÃ© informaciÃ³n agregarÃ­as a este flujo?,Participant 473040549,Ninguna otra
7460e4b5,Â¿QuÃ© informaciÃ³n agregarÃ­as a este flujo?,Participant 470534995,No se decirle
7460e4b5,Â¿QuÃ© informaciÃ³n agregarÃ­as a este flujo?,Participant 473032251,Me parece todo correcto
7460e4b5,Â¿QuÃ© informaciÃ³n agregarÃ­as a este flujo?,Participant 473011218,"Este estÃ¡ bien, pero aveces los usuarios ğŸ¤· pregunta por algo que ven en su plataforma, y el agente externo no ve lo que el usuarios le explica"
7460e4b5,Â¿QuÃ© informaciÃ³n agregarÃ­as a este flujo?,Participant 472654994,...
7460e4b5,Â¿QuÃ© informaciÃ³n agregarÃ­as a este flujo?,Participant 472118661,no sabria decir
7460e4b5,Â¿QuÃ© informaciÃ³n agregarÃ­as a este flujo?,Participant 472120161,test
7460e4b5,Â¿QuÃ© informaciÃ³n agregarÃ­as a este flujo?,Participant 472124103,Test
7460e4b5,Â¿QuÃ© informaciÃ³n agregarÃ­as a este flujo?,Participant 449165636,Nada por el momento
7460e4b5,Â¿QuÃ© informaciÃ³n agregarÃ­as a este flujo?,Participant 472121123,"lo mismo pero mas claro, preguntas frecuentes, etc"
7460e4b5,Â¿QuÃ© informaciÃ³n agregarÃ­as a este flujo?,Participant 472126434,desahogar el contenido puede hacer que la experiencia se sienta menos tensa
7460e4b5,Â¿QuÃ© informaciÃ³n agregarÃ­as a este flujo?,Participant 472137757,Del producto
7460e4b5,Â¿QuÃ© informaciÃ³n agregarÃ­as a este flujo?,Participant 471696699,Ninguna
7460e4b5,Â¿QuÃ© informaciÃ³n agregarÃ­as a este flujo?,Participant 472141368,Desconozco que otra informaciÃ³n seria vital para esto.
7460e4b5,Â¿QuÃ© informaciÃ³n agregarÃ­as a este flujo?,Participant 472138086,Ok
7460e4b5,Â¿QuÃ© informaciÃ³n agregarÃ­as a este flujo?,Participant 472143230,si
7460e4b5,Â¿QuÃ© informaciÃ³n agregarÃ­as a este flujo?,Participant 472150124,Nada
7460e4b5,Â¿QuÃ© informaciÃ³n agregarÃ­as a este flujo?,Participant 472150368,Nada
7460e4b5,Â¿QuÃ© informaciÃ³n agregarÃ­as a este flujo?,Participant 472151867,Si cobra penalidad por abono
7460e4b5,Â¿QuÃ© informaciÃ³n agregarÃ­as a este flujo?,Participant 472152621,Asi estÃ¡ Perfecto
7460e4b5,Â¿QuÃ© informaciÃ³n agregarÃ­as a este flujo?,Participant 472153323,"Posibilidad de abonos a capital sin penalizaciÃ³n, si es posible hacerlo. si puedo pagar directamente, sin que sea desde una cuenta que ustedes cobre,"
7460e4b5,Â¿QuÃ© informaciÃ³n agregarÃ­as a este flujo?,Participant 472151186,Solo la parte del manejo de los estados financieros y capitalizar desde esa informaciÃ³n.
7460e4b5,Â¿QuÃ© informaciÃ³n agregarÃ­as a este flujo?,Participant 472155053,Por ahora nada
7460e4b5,Â¿QuÃ© informaciÃ³n agregarÃ­as a este flujo?,Participant 472152948,Nada
7460e4b5,Â¿QuÃ© informaciÃ³n agregarÃ­as a este flujo?,Participant 472157347,En caso de tener prÃ©stamos activos en la entidad podrÃ­a hacer la unificaciÃ³n del monto para lograr otras metas
7460e4b5,Â¿QuÃ© informaciÃ³n agregarÃ­as a este flujo?,Participant 472150123,Ninguna
7460e4b5,Â¿QuÃ© informaciÃ³n agregarÃ­as a este flujo?,Participant 472159841,Creo que estÃ¡ bien con lo que hay
7460e4b5,Â¿QuÃ© informaciÃ³n agregarÃ­as a este flujo?,Participant 471048348,Ninguna
7460e4b5,Â¿QuÃ© informaciÃ³n agregarÃ­as a este flujo?,Participant 472159225,Las preguntas frecuentes y el tarifario
7460e4b5,Â¿QuÃ© informaciÃ³n agregarÃ­as a este flujo?,Participant 472159681,EstÃ¡ todo bien
7460e4b5,Â¿QuÃ© informaciÃ³n agregarÃ­as a este flujo?,Participant 472159367,N/A
7460e4b5,Â¿QuÃ© informaciÃ³n agregarÃ­as a este flujo?,Participant 472162365,Tener mÃ¡s informaciÃ³n detallada
7460e4b5,Â¿QuÃ© informaciÃ³n agregarÃ­as a este flujo?,Participant 472160442,SI PODRIA SALDARLO EN CUALQUIER MOMENTO SIN CASTIGO
7460e4b5,Â¿QuÃ© informaciÃ³n agregarÃ­as a este flujo?,Participant 472161404,NA
7460e4b5,Â¿QuÃ© informaciÃ³n agregarÃ­as a este flujo?,Participant 472165120,Lo veo completo
7460e4b5,Â¿QuÃ© informaciÃ³n agregarÃ­as a este flujo?,Participant 472170229,Ninguna
7460e4b5,Â¿QuÃ© informaciÃ³n agregarÃ­as a este flujo?,Participant 449228582,Entiendo que estÃ¡ bien
7460e4b5,Â¿QuÃ© informaciÃ³n agregarÃ­as a este flujo?,Participant 450307300,No tengo nada que agregar
7460e4b5,Â¿QuÃ© informaciÃ³n agregarÃ­as a este flujo?,Participant 472168267,Nada
7460e4b5,Â¿QuÃ© informaciÃ³n agregarÃ­as a este flujo?,Participant 472177782,esta todo no necesito nada mas
7460e4b5,Â¿QuÃ© informaciÃ³n agregarÃ­as a este flujo?,Participant 472186988,Ninguna.
7460e4b5,Â¿QuÃ© informaciÃ³n agregarÃ­as a este flujo?,Participant 472191344,No tengo recomendaciones adicionales a las que aparecen en este.
7460e4b5,Â¿QuÃ© informaciÃ³n agregarÃ­as a este flujo?,Participant 472168314,Por ahora nada
7460e4b5,Â¿QuÃ© informaciÃ³n agregarÃ­as a este flujo?,Participant 472208642,Ninguna
7460e4b5,Â¿QuÃ© informaciÃ³n agregarÃ­as a este flujo?,Participant 463129649,"MÃ¡s que una informaciÃ³n es una felicidad, como se trata de productos vÃ­a digital serÃ­a bueno si se incluyera la facilidad de un dictado (una voz que diga lo que estÃ¡ presente en la pantalla) asÃ­ serÃ­a mucho mÃ¡s fÃ¡cil para esas personas adultas que quizÃ¡s no ven bien o personas que tienen alguna discapacidad en la vista. Aparte de que serÃ­a una gran facilidad serÃ­a un paso hacia delante contra las demÃ¡s instituciones bancarias."
7460e4b5,Â¿QuÃ© informaciÃ³n agregarÃ­as a este flujo?,Participant 472407839,Ninguna
7460e4b5,Â¿QuÃ© informaciÃ³n agregarÃ­as a este flujo?,Participant 472410698,Nada mÃ¡s
7460e4b5,Â¿QuÃ© informaciÃ³n agregarÃ­as a este flujo?,Participant 472275898,Nothing to add
7460e4b5,Â¿QuÃ© informaciÃ³n agregarÃ­as a este flujo?,Participant 472506609,Nada todo en orden
7460e4b5,Â¿QuÃ© informaciÃ³n agregarÃ­as a este flujo?,Participant 472547199,PREVIOUS
